review_id,company_id,mode,goal,cluster_id,evidence_value
103104806.0,siemens,fulfillment,stat,fulfillment_stat,2.0
103102110.0,siemens,none,,,0.0
102930874.0,siemens,fulfillment,fam,fulfillment_fam,22.5
102914535.0,siemens,fulfillment,phys,fulfillment_phys,2.0
102822469.0,siemens,fulfillment,stat,fulfillment_stat,2.0
102743770.0,siemens,none,,,0.0
102725935.0,siemens,fulfillment,phys,fulfillment_phys,2.0
102709462.0,siemens,fulfillment,phys,fulfillment_phys,2.0
102702655.0,siemens,fulfillment,phys,fulfillment_phys,4.5
102676013.0,siemens,fulfillment,stat,fulfillment_stat,4.0
102665528.0,siemens,fulfillment,phys,fulfillment_phys,1.0
102640432.0,siemens,fulfillment,fam,fulfillment_fam,16.0
102616445.0,siemens,hindrance,phys,hindrance_phys,2.5
102566938.0,siemens,fulfillment,fam,fulfillment_fam,3.0
102563850.0,siemens,fulfillment,phys,fulfillment_phys,5.0
102559674.0,siemens,fulfillment,stat,fulfillment_stat,4.5
102513791.0,siemens,fulfillment,fam,fulfillment_fam,9.0
102487212.0,siemens,fulfillment,fam,fulfillment_fam,9.0
102440066.0,siemens,fulfillment,phys,fulfillment_phys,2.0
102430710.0,siemens,none,,,0.0
102347216.0,siemens,fulfillment,phys,fulfillment_phys,2.0
102332409.0,siemens,fulfillment,fam,fulfillment_fam,4.0
102319615.0,siemens,none,,,0.0
102241281.0,siemens,fulfillment,selfprot,fulfillment_selfprot,2.0
102165306.0,siemens,hindrance,phys,hindrance_phys,4.0
102153710.0,siemens,none,,,0.0
102136321.0,siemens,none,,,0.0
102121215.0,siemens,none,,,0.0
102096278.0,siemens,none,,,0.0
102083325.0,siemens,hindrance,phys,hindrance_phys,2.5
102060454.0,siemens,none,,,0.0
102043339.0,siemens,hindrance,fam,hindrance_fam,9.0
102032047.0,siemens,fulfillment,phys,fulfillment_phys,5.0
102006838.0,siemens,fulfillment,fam,fulfillment_fam,9.0
101999341.0,siemens,hindrance,selfprot,hindrance_selfprot,2.0
101998247.0,siemens,fulfillment,stat,fulfillment_stat,4.5
101981196.0,siemens,fulfillment,stat,fulfillment_stat,4.0
101852515.0,siemens,none,,,0.0
101845944.0,siemens,none,,,0.0
101815027.0,siemens,fulfillment,selfprot,fulfillment_selfprot,2.5
101812143.0,siemens,fulfillment,fam,fulfillment_fam,9.0
101787973.0,siemens,fulfillment,stat,fulfillment_stat,3.0
101777839.0,siemens,hindrance,aff,hindrance_aff,2.0
101653811.0,siemens,fulfillment,phys,fulfillment_phys,1.0
101609574.0,siemens,none,,,0.0
101590024.0,siemens,none,,,0.0
101547198.0,siemens,none,,,0.0
101534190.0,siemens,fulfillment,phys,fulfillment_phys,2.5
101465892.0,siemens,none,,,0.0
101421539.0,siemens,fulfillment,stat,fulfillment_stat,1.0
101411231.0,siemens,none,,,0.0
101401089.0,siemens,none,,,0.0
101375911.0,siemens,fulfillment,fam,fulfillment_fam,4.5
101360263.0,siemens,fulfillment,fam,fulfillment_fam,2.0
101331859.0,siemens,fulfillment,fam,fulfillment_fam,5.0
101298469.0,siemens,hindrance,phys,hindrance_phys,2.0
101268394.0,siemens,hindrance,fam,hindrance_fam,9.0
101255718.0,siemens,hindrance,phys,hindrance_phys,4.5
101159117.0,siemens,none,,,0.0
101116222.0,siemens,hindrance,phys,hindrance_phys,2.5
101103942.0,siemens,hindrance,selfprot,hindrance_selfprot,2.0
101102482.0,siemens,fulfillment,selfprot,fulfillment_selfprot,3.75
101101292.0,siemens,fulfillment,phys,fulfillment_phys,2.5
101084910.0,siemens,fulfillment,aff,fulfillment_aff,4.0
100962522.0,siemens,hindrance,aff,hindrance_aff,2.0
100958993.0,siemens,fulfillment,aff,fulfillment_aff,4.0
100954125.0,siemens,none,,,0.0
100953671.0,siemens,none,,,0.0
100936260.0,siemens,hindrance,selfprot,hindrance_selfprot,4.0
100845912.0,siemens,fulfillment,fam,fulfillment_fam,2.5
100845084.0,siemens,fulfillment,phys,fulfillment_phys,3.0
100836942.0,siemens,fulfillment,phys,fulfillment_phys,2.0
100731626.0,siemens,fulfillment,fam,fulfillment_fam,11.0
100701395.0,siemens,hindrance,phys,hindrance_phys,5.0
100701318.0,siemens,fulfillment,stat,fulfillment_stat,6.0
100612721.0,siemens,fulfillment,phys,fulfillment_phys,2.5
100559814.0,siemens,fulfillment,phys,fulfillment_phys,4.0
100532318.0,siemens,fulfillment,phys,fulfillment_phys,2.0
100497706.0,siemens,fulfillment,fam,fulfillment_fam,9.0
100455861.0,siemens,fulfillment,stat,fulfillment_stat,2.0
100407432.0,siemens,fulfillment,stat,fulfillment_stat,3.0
100347636.0,siemens,none,,,0.0
100292439.0,siemens,fulfillment,fam,fulfillment_fam,2.5
100251947.0,siemens,fulfillment,fam,fulfillment_fam,9.0
100237769.0,siemens,none,,,0.0
100228298.0,siemens,fulfillment,stat,fulfillment_stat,2.0
100180837.0,siemens,none,,,0.0
100054979.0,siemens,fulfillment,fam,fulfillment_fam,22.5
99991951.0,siemens,fulfillment,fam,fulfillment_fam,9.0
99977665.0,siemens,fulfillment,phys,fulfillment_phys,2.5
99952467.0,siemens,none,,,0.0
99937135.0,siemens,fulfillment,aff,fulfillment_aff,4.0
99930300.0,siemens,hindrance,fam,hindrance_fam,9.0
99872502.0,siemens,fulfillment,fam,fulfillment_fam,9.0
99867933.0,siemens,none,,,0.0
99791976.0,siemens,fulfillment,phys,fulfillment_phys,2.0
99780086.0,siemens,hindrance,fam,hindrance_fam,9.0
99775789.0,siemens,fulfillment,fam,fulfillment_fam,9.0
99649166.0,siemens,fulfillment,fam,fulfillment_fam,11.5
99540253.0,siemens,fulfillment,phys,fulfillment_phys,3.25
99535471.0,siemens,none,,,0.0
99468961.0,siemens,fulfillment,fam,fulfillment_fam,9.0
99364558.0,siemens,none,,,0.0
99351837.0,siemens,none,,,0.0
99298456.0,siemens,fulfillment,stat,fulfillment_stat,7.0
99205119.0,siemens,fulfillment,fam,fulfillment_fam,22.5
99188654.0,siemens,fulfillment,phys,fulfillment_phys,2.5
99123889.0,siemens,fulfillment,phys,fulfillment_phys,2.5
99064505.0,siemens,fulfillment,aff,fulfillment_aff,2.5
99053295.0,siemens,fulfillment,phys,fulfillment_phys,2.0
99032312.0,siemens,fulfillment,stat,fulfillment_stat,4.0
99001560.0,siemens,fulfillment,fam,fulfillment_fam,2.5
98963201.0,siemens,fulfillment,aff,fulfillment_aff,4.5
98911320.0,siemens,hindrance,phys,hindrance_phys,2.5
98903933.0,siemens,fulfillment,fam,fulfillment_fam,9.0
98903118.0,siemens,none,,,0.0
98822460.0,siemens,fulfillment,phys,fulfillment_phys,4.0
98709054.0,siemens,fulfillment,stat,fulfillment_stat,3.0
98704875.0,siemens,fulfillment,aff,fulfillment_aff,2.0
98661565.0,siemens,fulfillment,phys,fulfillment_phys,2.0
98621738.0,siemens,none,,,0.0
98584792.0,siemens,none,,,0.0
98462734.0,siemens,fulfillment,phys,fulfillment_phys,4.0
98372397.0,siemens,fulfillment,stat,fulfillment_stat,2.5
98082826.0,siemens,fulfillment,phys,fulfillment_phys,4.5
98056171.0,siemens,fulfillment,selfprot,fulfillment_selfprot,2.0
98018158.0,siemens,fulfillment,aff,fulfillment_aff,2.0
97902714.0,siemens,fulfillment,selfprot,fulfillment_selfprot,2.0
97839485.0,siemens,fulfillment,phys,fulfillment_phys,2.0
97828153.0,siemens,none,,,0.0
97801245.0,siemens,fulfillment,phys,fulfillment_phys,2.0
97689144.0,siemens,none,,,0.0
97684683.0,siemens,fulfillment,aff,fulfillment_aff,3.5
97662663.0,siemens,fulfillment,phys,fulfillment_phys,2.0
97505505.0,siemens,fulfillment,phys,fulfillment_phys,2.0
97467878.0,siemens,none,,,0.0
97441642.0,siemens,hindrance,stat,hindrance_stat,2.0
97418470.0,siemens,none,,,0.0
97394857.0,siemens,fulfillment,aff,fulfillment_aff,3.75
97347582.0,siemens,fulfillment,fam,fulfillment_fam,9.0
97206760.0,siemens,none,,,0.0
97111365.0,siemens,none,,,0.0
97085390.0,siemens,hindrance,fam,hindrance_fam,9.0
97074152.0,siemens,fulfillment,phys,fulfillment_phys,2.0
97020831.0,siemens,fulfillment,fam,fulfillment_fam,2.5
96959693.0,siemens,fulfillment,stat,fulfillment_stat,2.0
96944061.0,siemens,fulfillment,phys,fulfillment_phys,2.0
96933897.0,siemens,fulfillment,phys,fulfillment_phys,3.0
96893363.0,siemens,fulfillment,fam,fulfillment_fam,4.0
96891073.0,siemens,hindrance,stat,hindrance_stat,4.0
96853107.0,siemens,fulfillment,aff,fulfillment_aff,2.0
96850811.0,siemens,none,,,0.0
96823250.0,siemens,fulfillment,phys,fulfillment_phys,4.5
96737054.0,siemens,fulfillment,fam,fulfillment_fam,9.0
96704778.0,siemens,none,,,0.0
96621806.0,siemens,fulfillment,aff,fulfillment_aff,4.5
96564008.0,siemens,none,,,0.0
96537489.0,siemens,none,,,0.0
96529184.0,siemens,fulfillment,phys,fulfillment_phys,2.0
96443256.0,siemens,hindrance,fam,hindrance_fam,11.5
96411417.0,siemens,fulfillment,fam,fulfillment_fam,2.0
96345966.0,siemens,fulfillment,fam,fulfillment_fam,11.0
96267219.0,siemens,fulfillment,selfprot,fulfillment_selfprot,2.0
96264331.0,siemens,fulfillment,stat,fulfillment_stat,2.0
96246296.0,siemens,fulfillment,phys,fulfillment_phys,2.0
96190509.0,siemens,none,,,0.0
96184816.0,siemens,fulfillment,fam,fulfillment_fam,9.0
96154014.0,siemens,fulfillment,stat,fulfillment_stat,7.0
96082842.0,siemens,fulfillment,phys,fulfillment_phys,2.0
96063748.0,siemens,fulfillment,fam,fulfillment_fam,9.0
96045999.0,siemens,fulfillment,stat,fulfillment_stat,2.0
95956337.0,siemens,fulfillment,aff,fulfillment_aff,2.5
95947094.0,siemens,fulfillment,aff,fulfillment_aff,2.5
95942368.0,siemens,fulfillment,phys,fulfillment_phys,2.0
95934722.0,siemens,hindrance,fam,hindrance_fam,9.0
95862886.0,siemens,hindrance,fam,hindrance_fam,2.5
95858105.0,siemens,fulfillment,stat,fulfillment_stat,2.0
95846373.0,siemens,fulfillment,phys,fulfillment_phys,4.0
95837709.0,siemens,fulfillment,phys,fulfillment_phys,3.5
95767866.0,siemens,none,,,0.0
95696928.0,siemens,fulfillment,stat,fulfillment_stat,2.0
95635134.0,siemens,none,,,0.0
95612951.0,siemens,none,,,0.0
95594340.0,siemens,fulfillment,stat,fulfillment_stat,4.0
95501897.0,siemens,none,,,0.0
95461853.0,siemens,fulfillment,fam,fulfillment_fam,9.0
95445314.0,siemens,fulfillment,phys,fulfillment_phys,4.5
95436866.0,siemens,none,,,0.0
95383490.0,siemens,fulfillment,selfprot,fulfillment_selfprot,2.5
95309078.0,siemens,fulfillment,fam,fulfillment_fam,11.5
95214241.0,siemens,fulfillment,aff,fulfillment_aff,4.0
95163753.0,siemens,fulfillment,aff,fulfillment_aff,3.0
95126559.0,siemens,none,,,0.0
95118696.0,siemens,hindrance,selfprot,hindrance_selfprot,6.0
95064791.0,siemens,fulfillment,aff,fulfillment_aff,2.0
95064116.0,siemens,hindrance,fam,hindrance_fam,2.5
94936085.0,siemens,hindrance,aff,hindrance_aff,2.0
94929537.0,siemens,hindrance,selfprot,hindrance_selfprot,2.0
94805292.0,siemens,fulfillment,stat,fulfillment_stat,2.0
94752045.0,siemens,none,,,0.0
94746139.0,siemens,fulfillment,aff,fulfillment_aff,2.5
94745857.0,siemens,none,,,0.0
94563395.0,siemens,fulfillment,phys,fulfillment_phys,4.5
94441404.0,siemens,none,,,0.0
94421837.0,siemens,fulfillment,fam,fulfillment_fam,9.0
94403143.0,siemens,fulfillment,aff,fulfillment_aff,6.5
94291683.0,siemens,none,,,0.0
94273557.0,siemens,fulfillment,fam,fulfillment_fam,9.0
94232119.0,siemens,fulfillment,fam,fulfillment_fam,4.0
94179888.0,siemens,fulfillment,stat,fulfillment_stat,2.0
94105467.0,siemens,hindrance,phys,hindrance_phys,2.0
94022067.0,siemens,none,,,0.0
93885091.0,siemens,fulfillment,fam,fulfillment_fam,9.0
93884548.0,siemens,hindrance,stat,hindrance_stat,2.0
93810250.0,siemens,fulfillment,stat,fulfillment_stat,2.0
93666374.0,siemens,fulfillment,stat,fulfillment_stat,2.0
93582164.0,siemens,none,,,0.0
93522998.0,siemens,fulfillment,aff,fulfillment_aff,2.0
93435285.0,siemens,none,,,0.0
93343541.0,siemens,fulfillment,aff,fulfillment_aff,2.0
93319421.0,siemens,none,,,0.0
93307039.0,siemens,fulfillment,phys,fulfillment_phys,5.25
93296072.0,siemens,fulfillment,fam,fulfillment_fam,9.0
93279485.0,siemens,fulfillment,phys,fulfillment_phys,2.0
93228923.0,siemens,fulfillment,fam,fulfillment_fam,2.5
93215354.0,siemens,fulfillment,aff,fulfillment_aff,2.0
93065413.0,siemens,none,,,0.0
93052272.0,siemens,fulfillment,phys,fulfillment_phys,2.0
92994186.0,siemens,fulfillment,fam,fulfillment_fam,11.5
92983498.0,siemens,fulfillment,aff,fulfillment_aff,2.0
92981146.0,siemens,fulfillment,fam,fulfillment_fam,9.0
92956803.0,siemens,fulfillment,phys,fulfillment_phys,2.0
92944001.0,siemens,none,,,0.0
92905718.0,siemens,fulfillment,stat,fulfillment_stat,4.5
92894950.0,siemens,fulfillment,fam,fulfillment_fam,5.0
92889395.0,siemens,none,,,0.0
92876737.0,siemens,none,,,0.0
92869159.0,siemens,none,,,0.0
92862762.0,siemens,fulfillment,phys,fulfillment_phys,2.0
92840956.0,siemens,fulfillment,aff,fulfillment_aff,9.75
92815694.0,siemens,fulfillment,fam,fulfillment_fam,22.5
92785000.0,siemens,fulfillment,fam,fulfillment_fam,9.0
92784846.0,siemens,fulfillment,aff,fulfillment_aff,2.5
92731805.0,siemens,fulfillment,phys,fulfillment_phys,2.0
92729705.0,siemens,fulfillment,phys,fulfillment_phys,2.0
92647765.0,siemens,fulfillment,fam,fulfillment_fam,9.0
92638694.0,siemens,none,,,0.0
92597318.0,siemens,hindrance,aff,hindrance_aff,2.0
92495693.0,siemens,fulfillment,phys,fulfillment_phys,2.0
92495280.0,siemens,hindrance,aff,hindrance_aff,2.5
92417394.0,siemens,none,,,0.0
92314386.0,siemens,fulfillment,phys,fulfillment_phys,2.0
92259143.0,siemens,fulfillment,phys,fulfillment_phys,4.5
92123350.0,siemens,fulfillment,fam,fulfillment_fam,9.0
92083753.0,siemens,fulfillment,aff,fulfillment_aff,1.25
91957764.0,siemens,none,,,0.0
91907035.0,siemens,fulfillment,fam,fulfillment_fam,9.0
91854085.0,siemens,fulfillment,stat,fulfillment_stat,2.0
91841735.0,siemens,none,,,0.0
91818610.0,siemens,fulfillment,phys,fulfillment_phys,5.0
91785855.0,siemens,none,,,0.0
91753014.0,siemens,none,,,0.0
91752641.0,siemens,none,,,0.0
91750136.0,siemens,none,,,0.0
91750095.0,siemens,none,,,0.0
91729231.0,siemens,fulfillment,phys,fulfillment_phys,2.0
91720845.0,siemens,none,,,0.0
91701195.0,siemens,fulfillment,stat,fulfillment_stat,4.0
91691374.0,siemens,hindrance,fam,hindrance_fam,9.0
91628211.0,siemens,none,,,0.0
91599809.0,siemens,fulfillment,phys,fulfillment_phys,2.5
91593059.0,siemens,fulfillment,fam,fulfillment_fam,6.75
91592106.0,siemens,none,,,0.0
91558158.0,siemens,fulfillment,phys,fulfillment_phys,5.0
91494724.0,siemens,fulfillment,phys,fulfillment_phys,2.0
91493848.0,siemens,none,,,0.0
91477766.0,siemens,fulfillment,fam,fulfillment_fam,2.5
91475707.0,siemens,none,,,0.0
91454262.0,siemens,fulfillment,phys,fulfillment_phys,2.0
91454252.0,siemens,fulfillment,stat,fulfillment_stat,4.5
91424830.0,siemens,none,,,0.0
91415050.0,siemens,fulfillment,fam,fulfillment_fam,9.0
91372038.0,siemens,none,,,0.0
91360081.0,siemens,fulfillment,aff,fulfillment_aff,2.0
91259484.0,siemens,hindrance,aff,hindrance_aff,2.0
91238930.0,siemens,fulfillment,stat,fulfillment_stat,3.0
91174763.0,siemens,fulfillment,aff,fulfillment_aff,5.0
91132827.0,siemens,fulfillment,aff,fulfillment_aff,4.5
91107962.0,siemens,none,,,0.0
91070743.0,siemens,none,,,0.0
91065842.0,siemens,hindrance,aff,hindrance_aff,4.0
91053465.0,siemens,fulfillment,fam,fulfillment_fam,2.5
90955898.0,siemens,none,,,0.0
90925536.0,siemens,fulfillment,stat,fulfillment_stat,2.0
90894859.0,siemens,none,,,0.0
90750919.0,siemens,fulfillment,aff,fulfillment_aff,2.5
90749597.0,siemens,hindrance,fam,hindrance_fam,11.0
90749078.0,siemens,fulfillment,stat,fulfillment_stat,2.0
90578434.0,siemens,none,,,0.0
90520927.0,siemens,none,,,0.0
90497366.0,siemens,fulfillment,phys,fulfillment_phys,2.25
90478231.0,siemens,none,,,0.0
90465130.0,siemens,none,,,0.0
90373402.0,siemens,fulfillment,fam,fulfillment_fam,7.0
90363389.0,siemens,hindrance,phys,hindrance_phys,2.0
90315091.0,siemens,fulfillment,stat,fulfillment_stat,4.0
90200297.0,siemens,fulfillment,aff,fulfillment_aff,6.5
90122883.0,siemens,hindrance,fam,hindrance_fam,9.0
90086225.0,siemens,none,,,0.0
90061173.0,siemens,none,,,0.0
89979938.0,siemens,fulfillment,aff,fulfillment_aff,4.5
89973143.0,siemens,none,,,0.0
89969202.0,siemens,none,,,0.0
89845393.0,siemens,hindrance,phys,hindrance_phys,2.5
89815102.0,siemens,none,,,0.0
89780674.0,siemens,hindrance,phys,hindrance_phys,2.0
89752367.0,siemens,fulfillment,phys,fulfillment_phys,4.0
89737324.0,siemens,none,,,0.0
89728567.0,siemens,none,,,0.0
89705841.0,siemens,fulfillment,phys,fulfillment_phys,4.0
89680589.0,siemens,none,,,0.0
89675662.0,siemens,fulfillment,fam,fulfillment_fam,9.0
89609520.0,siemens,fulfillment,stat,fulfillment_stat,4.0
89594531.0,siemens,fulfillment,phys,fulfillment_phys,4.5
89580823.0,siemens,none,,,0.0
89511599.0,siemens,fulfillment,stat,fulfillment_stat,2.0
89499284.0,siemens,fulfillment,fam,fulfillment_fam,15.5
89470292.0,siemens,none,,,0.0
89384653.0,siemens,fulfillment,stat,fulfillment_stat,2.0
89209096.0,siemens,hindrance,phys,hindrance_phys,3.75
89189665.0,siemens,none,,,0.0
89029789.0,siemens,fulfillment,aff,fulfillment_aff,1.25
88947246.0,siemens,none,,,0.0
88820446.0,siemens,fulfillment,stat,fulfillment_stat,5.0
88742809.0,siemens,fulfillment,phys,fulfillment_phys,2.5
88687370.0,siemens,none,,,0.0
88685683.0,siemens,hindrance,selfprot,hindrance_selfprot,2.0
88546590.0,siemens,none,,,0.0
88502490.0,siemens,none,,,0.0
88446124.0,siemens,none,,,0.0
88412957.0,siemens,fulfillment,fam,fulfillment_fam,9.0
88315907.0,siemens,none,,,0.0
88289814.0,siemens,fulfillment,aff,fulfillment_aff,2.0
88285474.0,siemens,none,,,0.0
88199483.0,siemens,none,,,0.0
88111930.0,siemens,none,,,0.0
88063579.0,siemens,none,,,0.0
87876000.0,siemens,none,,,0.0
87800886.0,siemens,fulfillment,aff,fulfillment_aff,1.0
87622355.0,siemens,fulfillment,phys,fulfillment_phys,5.0
87567745.0,siemens,fulfillment,phys,fulfillment_phys,2.5
87552928.0,siemens,fulfillment,selfprot,fulfillment_selfprot,2.0
87419155.0,siemens,fulfillment,fam,fulfillment_fam,9.0
87280578.0,siemens,none,,,0.0
87241073.0,siemens,fulfillment,fam,fulfillment_fam,6.0
87161785.0,siemens,fulfillment,stat,fulfillment_stat,2.0
87102882.0,siemens,none,,,0.0
87076500.0,siemens,fulfillment,phys,fulfillment_phys,1.0
87069481.0,siemens,none,,,0.0
87054424.0,siemens,fulfillment,fam,fulfillment_fam,9.0
87050874.0,siemens,none,,,0.0
86961906.0,siemens,hindrance,fam,hindrance_fam,3.75
86942020.0,siemens,fulfillment,phys,fulfillment_phys,2.0
86910907.0,siemens,hindrance,phys,hindrance_phys,2.0
86904729.0,siemens,fulfillment,aff,fulfillment_aff,2.0
86904203.0,siemens,fulfillment,phys,fulfillment_phys,2.0
86877663.0,siemens,none,,,0.0
86799386.0,siemens,none,,,0.0
86655493.0,siemens,fulfillment,aff,fulfillment_aff,2.0
86605818.0,siemens,hindrance,aff,hindrance_aff,4.0
86604011.0,siemens,fulfillment,phys,fulfillment_phys,2.0
86461472.0,siemens,fulfillment,aff,fulfillment_aff,2.5
86409259.0,siemens,fulfillment,stat,fulfillment_stat,3.0
86301264.0,siemens,fulfillment,phys,fulfillment_phys,2.0
86299147.0,siemens,none,,,0.0
86244079.0,siemens,fulfillment,phys,fulfillment_phys,4.5
86168331.0,siemens,none,,,0.0
86072629.0,siemens,none,,,0.0
86067183.0,siemens,fulfillment,fam,fulfillment_fam,9.0
86055380.0,siemens,none,,,0.0
86053026.0,siemens,none,,,0.0
86026639.0,siemens,none,,,0.0
86018425.0,siemens,fulfillment,stat,fulfillment_stat,2.0
85953124.0,siemens,fulfillment,fam,fulfillment_fam,2.5
85942869.0,siemens,none,,,0.0
85884165.0,siemens,fulfillment,fam,fulfillment_fam,15.5
85856462.0,siemens,none,,,0.0
85765874.0,siemens,fulfillment,aff,fulfillment_aff,4.5
85733534.0,siemens,none,,,0.0
85691872.0,siemens,none,,,0.0
85688580.0,siemens,none,,,0.0
85680867.0,siemens,fulfillment,fam,fulfillment_fam,9.0
85671338.0,siemens,none,,,0.0
85475360.0,siemens,hindrance,fam,hindrance_fam,9.0
85456834.0,siemens,none,,,0.0
85419131.0,siemens,fulfillment,fam,fulfillment_fam,9.0
85369619.0,siemens,none,,,0.0
85340691.0,siemens,none,,,0.0
85287568.0,siemens,none,,,0.0
85275461.0,siemens,fulfillment,fam,fulfillment_fam,9.0
85269988.0,siemens,fulfillment,stat,fulfillment_stat,2.0
85210383.0,siemens,fulfillment,fam,fulfillment_fam,6.5
85191552.0,siemens,hindrance,selfprot,hindrance_selfprot,4.0
85099829.0,siemens,none,,,0.0
85035153.0,siemens,fulfillment,aff,fulfillment_aff,5.5
84994004.0,siemens,fulfillment,phys,fulfillment_phys,2.25
84988204.0,siemens,fulfillment,stat,fulfillment_stat,4.5
84982412.0,siemens,none,,,0.0
84980799.0,siemens,fulfillment,stat,fulfillment_stat,7.0
84970123.0,siemens,fulfillment,stat,fulfillment_stat,6.0
84961415.0,siemens,hindrance,stat,hindrance_stat,2.0
84960970.0,siemens,fulfillment,aff,fulfillment_aff,5.75
84940533.0,siemens,fulfillment,fam,fulfillment_fam,3.0
84934223.0,siemens,fulfillment,fam,fulfillment_fam,9.0
84891729.0,siemens,fulfillment,aff,fulfillment_aff,2.0
84869865.0,siemens,fulfillment,selfprot,fulfillment_selfprot,4.0
84840919.0,siemens,none,,,0.0
84704487.0,siemens,hindrance,fam,hindrance_fam,9.0
84680808.0,siemens,none,,,0.0
84674286.0,siemens,fulfillment,fam,fulfillment_fam,4.5
84656177.0,siemens,hindrance,phys,hindrance_phys,2.0
84632213.0,siemens,fulfillment,fam,fulfillment_fam,6.5
84606916.0,siemens,fulfillment,stat,fulfillment_stat,2.0
84579897.0,siemens,hindrance,fam,hindrance_fam,9.0
84574893.0,siemens,none,,,0.0
84536612.0,siemens,fulfillment,aff,fulfillment_aff,4.0
84495621.0,siemens,none,,,0.0
84470037.0,siemens,fulfillment,phys,fulfillment_phys,6.0
84468793.0,siemens,none,,,0.0
84432696.0,siemens,fulfillment,aff,fulfillment_aff,2.5
84416815.0,siemens,fulfillment,stat,fulfillment_stat,3.0
84414311.0,siemens,fulfillment,phys,fulfillment_phys,2.5
84329107.0,siemens,fulfillment,fam,fulfillment_fam,9.0
84308970.0,siemens,none,,,0.0
84294580.0,siemens,fulfillment,phys,fulfillment_phys,2.5
84234115.0,siemens,fulfillment,selfprot,fulfillment_selfprot,2.5
84226550.0,siemens,fulfillment,phys,fulfillment_phys,4.0
84209978.0,siemens,fulfillment,aff,fulfillment_aff,2.5
84190505.0,siemens,none,,,0.0
84176208.0,siemens,hindrance,selfprot,hindrance_selfprot,2.0
84171573.0,siemens,fulfillment,fam,fulfillment_fam,4.0
84162135.0,siemens,fulfillment,fam,fulfillment_fam,9.0
84129361.0,siemens,hindrance,selfprot,hindrance_selfprot,2.0
84102620.0,siemens,fulfillment,aff,fulfillment_aff,6.0
84081782.0,siemens,none,,,0.0
84075819.0,siemens,fulfillment,fam,fulfillment_fam,5.75
84047880.0,siemens,hindrance,phys,hindrance_phys,2.0
84004851.0,siemens,hindrance,phys,hindrance_phys,2.5
84004529.0,siemens,none,,,0.0
83970696.0,siemens,fulfillment,phys,fulfillment_phys,2.5
83928082.0,siemens,none,,,0.0
83927194.0,siemens,fulfillment,phys,fulfillment_phys,5.0
83913147.0,siemens,fulfillment,fam,fulfillment_fam,2.5
83908102.0,siemens,none,,,0.0
83868842.0,siemens,fulfillment,selfprot,fulfillment_selfprot,2.5
83853640.0,siemens,none,,,0.0
83849487.0,siemens,none,,,0.0
83835275.0,siemens,fulfillment,phys,fulfillment_phys,5.0
83769528.0,siemens,fulfillment,stat,fulfillment_stat,2.0
83740820.0,siemens,none,,,0.0
83640122.0,siemens,fulfillment,fam,fulfillment_fam,4.0
83615634.0,siemens,none,,,0.0
83614499.0,siemens,hindrance,fam,hindrance_fam,9.0
83605642.0,siemens,fulfillment,aff,fulfillment_aff,4.5
83593004.0,siemens,none,,,0.0
83580889.0,siemens,fulfillment,stat,fulfillment_stat,2.0
83536968.0,siemens,none,,,0.0
83534439.0,siemens,fulfillment,stat,fulfillment_stat,2.0
83488570.0,siemens,none,,,0.0
83465302.0,siemens,fulfillment,fam,fulfillment_fam,4.0
83457041.0,siemens,none,,,0.0
83425144.0,siemens,fulfillment,fam,fulfillment_fam,4.0
83345507.0,siemens,fulfillment,aff,fulfillment_aff,6.25
83306601.0,siemens,fulfillment,phys,fulfillment_phys,2.0
83302560.0,siemens,fulfillment,stat,fulfillment_stat,1.0
83274800.0,siemens,fulfillment,fam,fulfillment_fam,9.0
83268889.0,siemens,none,,,0.0
83262300.0,siemens,fulfillment,phys,fulfillment_phys,5.0
83174177.0,siemens,none,,,0.0
83160147.0,siemens,fulfillment,fam,fulfillment_fam,9.0
83134265.0,siemens,none,,,0.0
83090721.0,siemens,fulfillment,phys,fulfillment_phys,2.0
82987058.0,siemens,fulfillment,phys,fulfillment_phys,2.0
82920889.0,siemens,fulfillment,aff,fulfillment_aff,4.0
82899609.0,siemens,fulfillment,fam,fulfillment_fam,9.0
82841195.0,siemens,fulfillment,phys,fulfillment_phys,4.5
82839192.0,siemens,none,,,0.0
82819756.0,siemens,fulfillment,stat,fulfillment_stat,4.0
82774906.0,siemens,fulfillment,phys,fulfillment_phys,2.0
82753680.0,siemens,fulfillment,fam,fulfillment_fam,2.0
82714278.0,siemens,none,,,0.0
82695830.0,siemens,hindrance,phys,hindrance_phys,2.5
82649426.0,siemens,fulfillment,fam,fulfillment_fam,4.0
82648582.0,siemens,fulfillment,phys,fulfillment_phys,2.0
82617867.0,siemens,hindrance,phys,hindrance_phys,2.0
82612538.0,siemens,fulfillment,phys,fulfillment_phys,4.0
82607953.0,siemens,none,,,0.0
82592395.0,siemens,hindrance,phys,hindrance_phys,2.0
82540913.0,siemens,hindrance,fam,hindrance_fam,9.0
82509408.0,siemens,fulfillment,phys,fulfillment_phys,2.0
82410238.0,siemens,none,,,0.0
82409910.0,siemens,none,,,0.0
82380140.0,siemens,none,,,0.0
82379969.0,siemens,none,,,0.0
82357222.0,siemens,fulfillment,stat,fulfillment_stat,4.0
82352967.0,siemens,none,,,0.0
82336423.0,siemens,none,,,0.0
82285658.0,siemens,none,,,0.0
82285371.0,siemens,fulfillment,phys,fulfillment_phys,2.0
82270897.0,siemens,hindrance,stat,hindrance_stat,5.0
82254645.0,siemens,fulfillment,phys,fulfillment_phys,4.5
82192091.0,siemens,none,,,0.0
82179379.0,siemens,fulfillment,aff,fulfillment_aff,2.0
82098134.0,siemens,none,,,0.0
81910583.0,siemens,fulfillment,stat,fulfillment_stat,5.0
81906499.0,siemens,fulfillment,phys,fulfillment_phys,2.0
81876467.0,siemens,fulfillment,aff,fulfillment_aff,3.75
81874654.0,siemens,none,,,0.0
81783243.0,siemens,none,,,0.0
81706785.0,siemens,none,,,0.0
81665094.0,siemens,fulfillment,fam,fulfillment_fam,2.5
81588355.0,siemens,fulfillment,stat,fulfillment_stat,2.0
81555895.0,siemens,fulfillment,stat,fulfillment_stat,2.0
81431105.0,siemens,fulfillment,aff,fulfillment_aff,2.0
81351658.0,siemens,fulfillment,fam,fulfillment_fam,9.0
81310678.0,siemens,fulfillment,stat,fulfillment_stat,2.0
81222716.0,siemens,hindrance,phys,hindrance_phys,2.0
81204462.0,siemens,none,,,0.0
81199817.0,siemens,fulfillment,aff,fulfillment_aff,2.5
81182325.0,siemens,none,,,0.0
81170212.0,siemens,fulfillment,aff,fulfillment_aff,2.0
81061075.0,siemens,hindrance,fam,hindrance_fam,4.0
81060935.0,siemens,fulfillment,stat,fulfillment_stat,5.0
81058692.0,siemens,fulfillment,phys,fulfillment_phys,2.0
80997870.0,siemens,fulfillment,phys,fulfillment_phys,2.0
80946263.0,siemens,fulfillment,stat,fulfillment_stat,4.0
80920090.0,siemens,none,,,0.0
80896881.0,siemens,fulfillment,phys,fulfillment_phys,4.0
80879552.0,siemens,none,,,0.0
80871611.0,siemens,none,,,0.0
80858787.0,siemens,fulfillment,selfprot,fulfillment_selfprot,5.0
80746927.0,siemens,fulfillment,phys,fulfillment_phys,2.0
80730138.0,siemens,none,,,0.0
80650871.0,siemens,none,,,0.0
80623474.0,siemens,none,,,0.0
80582170.0,siemens,fulfillment,fam,fulfillment_fam,2.0
80493341.0,siemens,fulfillment,phys,fulfillment_phys,2.0
80468808.0,siemens,none,,,0.0
80404922.0,siemens,hindrance,phys,hindrance_phys,2.0
80334989.0,siemens,fulfillment,fam,fulfillment_fam,11.0
80287522.0,siemens,fulfillment,aff,fulfillment_aff,2.0
80254986.0,siemens,none,,,0.0
80241617.0,siemens,fulfillment,phys,fulfillment_phys,2.0
80151707.0,siemens,fulfillment,fam,fulfillment_fam,2.0
80060404.0,siemens,hindrance,phys,hindrance_phys,2.0
80058867.0,siemens,fulfillment,fam,fulfillment_fam,11.0
79914913.0,siemens,none,,,0.0
79850604.0,siemens,fulfillment,stat,fulfillment_stat,1.0
79740519.0,siemens,fulfillment,fam,fulfillment_fam,4.5
79710515.0,siemens,fulfillment,phys,fulfillment_phys,2.5
79703542.0,siemens,fulfillment,fam,fulfillment_fam,9.0
79693125.0,siemens,none,,,0.0
79618853.0,siemens,none,,,0.0
79552468.0,siemens,hindrance,stat,hindrance_stat,2.0
79513564.0,siemens,fulfillment,fam,fulfillment_fam,9.0
79511659.0,siemens,fulfillment,phys,fulfillment_phys,2.0
79496255.0,siemens,fulfillment,phys,fulfillment_phys,5.0
79441915.0,siemens,hindrance,selfprot,hindrance_selfprot,2.0
79386168.0,siemens,none,,,0.0
79313456.0,siemens,fulfillment,phys,fulfillment_phys,2.0
79286922.0,siemens,none,,,0.0
79284939.0,siemens,fulfillment,aff,fulfillment_aff,2.0
79235643.0,siemens,none,,,0.0
79138812.0,siemens,fulfillment,fam,fulfillment_fam,9.0
79036265.0,siemens,none,,,0.0
79029487.0,siemens,fulfillment,stat,fulfillment_stat,1.25
78904110.0,siemens,none,,,0.0
78833537.0,siemens,fulfillment,stat,fulfillment_stat,2.0
78827436.0,siemens,fulfillment,stat,fulfillment_stat,7.0
78817808.0,siemens,none,,,0.0
78791662.0,siemens,hindrance,aff,hindrance_aff,4.0
78726342.0,siemens,fulfillment,fam,fulfillment_fam,9.0
78506526.0,siemens,hindrance,stat,hindrance_stat,2.0
78353948.0,siemens,hindrance,aff,hindrance_aff,2.5
78265677.0,siemens,none,,,0.0
78240926.0,siemens,fulfillment,selfprot,fulfillment_selfprot,2.5
78223895.0,siemens,none,,,0.0
78158245.0,siemens,fulfillment,phys,fulfillment_phys,2.0
78151879.0,siemens,hindrance,phys,hindrance_phys,2.0
78134210.0,siemens,fulfillment,selfprot,fulfillment_selfprot,2.0
78010718.0,siemens,fulfillment,stat,fulfillment_stat,4.0
77994238.0,siemens,none,,,0.0
77833084.0,siemens,none,,,0.0
77789364.0,siemens,none,,,0.0
77712423.0,siemens,fulfillment,phys,fulfillment_phys,2.0
77700972.0,siemens,fulfillment,stat,fulfillment_stat,2.0
77693927.0,siemens,fulfillment,fam,fulfillment_fam,9.0
77691139.0,siemens,fulfillment,stat,fulfillment_stat,3.0
77687786.0,siemens,fulfillment,stat,fulfillment_stat,4.5
77658182.0,siemens,hindrance,phys,hindrance_phys,6.25
77654930.0,siemens,fulfillment,aff,fulfillment_aff,2.5
77545332.0,siemens,fulfillment,fam,fulfillment_fam,4.5
77483865.0,siemens,hindrance,fam,hindrance_fam,9.0
77306477.0,siemens,fulfillment,aff,fulfillment_aff,3.0
77241903.0,siemens,fulfillment,stat,fulfillment_stat,2.0
77227486.0,siemens,none,,,0.0
77047748.0,siemens,fulfillment,phys,fulfillment_phys,2.0
76959885.0,siemens,none,,,0.0
76929771.0,siemens,none,,,0.0
76926494.0,siemens,none,,,0.0
76905074.0,siemens,none,,,0.0
76791691.0,siemens,hindrance,fam,hindrance_fam,4.0
76781974.0,siemens,fulfillment,fam,fulfillment_fam,9.0
76757538.0,siemens,fulfillment,stat,fulfillment_stat,2.0
76749944.0,siemens,none,,,0.0
76737128.0,siemens,fulfillment,fam,fulfillment_fam,1.25
76716657.0,siemens,fulfillment,phys,fulfillment_phys,2.0
76713606.0,siemens,none,,,0.0
76669905.0,siemens,none,,,0.0
76623764.0,siemens,fulfillment,fam,fulfillment_fam,14.0
76621037.0,siemens,fulfillment,fam,fulfillment_fam,4.0
76615835.0,siemens,none,,,0.0
76594649.0,siemens,fulfillment,aff,fulfillment_aff,2.0
76570109.0,siemens,fulfillment,phys,fulfillment_phys,2.5
76566209.0,siemens,fulfillment,fam,fulfillment_fam,9.0
76556230.0,siemens,fulfillment,fam,fulfillment_fam,9.0
76553458.0,siemens,none,,,0.0
76537718.0,siemens,hindrance,phys,hindrance_phys,4.0
76523927.0,siemens,fulfillment,phys,fulfillment_phys,5.0
76502556.0,siemens,fulfillment,fam,fulfillment_fam,11.5
76499225.0,siemens,none,,,0.0
76452877.0,siemens,fulfillment,stat,fulfillment_stat,4.0
76440805.0,siemens,fulfillment,fam,fulfillment_fam,22.5
76393901.0,siemens,none,,,0.0
76369024.0,siemens,none,,,0.0
76230619.0,siemens,fulfillment,phys,fulfillment_phys,2.5
76206121.0,siemens,none,,,0.0
76167146.0,siemens,fulfillment,selfprot,fulfillment_selfprot,5.0
76162983.0,siemens,fulfillment,stat,fulfillment_stat,2.5
76117484.0,siemens,fulfillment,phys,fulfillment_phys,4.5
76113422.0,siemens,none,,,0.0
76086918.0,siemens,none,,,0.0
75934623.0,siemens,hindrance,fam,hindrance_fam,9.0
75909109.0,siemens,fulfillment,phys,fulfillment_phys,2.0
75879488.0,siemens,hindrance,phys,hindrance_phys,2.5
75751220.0,siemens,hindrance,fam,hindrance_fam,9.0
75708842.0,siemens,hindrance,phys,hindrance_phys,2.0
75683434.0,siemens,hindrance,selfprot,hindrance_selfprot,5.0
75653965.0,siemens,none,,,0.0
75653629.0,siemens,fulfillment,aff,fulfillment_aff,5.75
75647507.0,siemens,fulfillment,fam,fulfillment_fam,15.5
75539525.0,siemens,fulfillment,phys,fulfillment_phys,2.0
75534905.0,siemens,fulfillment,stat,fulfillment_stat,2.5
75494814.0,siemens,fulfillment,stat,fulfillment_stat,2.0
75472747.0,siemens,none,,,0.0
75469391.0,siemens,fulfillment,phys,fulfillment_phys,2.0
75437001.0,siemens,none,,,0.0
75435390.0,siemens,none,,,0.0
75388697.0,siemens,fulfillment,fam,fulfillment_fam,9.0
75382643.0,siemens,fulfillment,phys,fulfillment_phys,1.0
75379871.0,siemens,none,,,0.0
75361795.0,siemens,fulfillment,fam,fulfillment_fam,6.0
75314147.0,siemens,hindrance,stat,hindrance_stat,3.0
75299521.0,siemens,fulfillment,phys,fulfillment_phys,2.5
75287313.0,siemens,none,,,0.0
75181079.0,siemens,fulfillment,stat,fulfillment_stat,2.5
75125488.0,siemens,none,,,0.0
75106068.0,siemens,none,,,0.0
75094397.0,siemens,none,,,0.0
75071005.0,siemens,fulfillment,aff,fulfillment_aff,2.5
74973457.0,siemens,hindrance,aff,hindrance_aff,2.0
74955031.0,siemens,fulfillment,stat,fulfillment_stat,4.0
74876043.0,siemens,none,,,0.0
74850189.0,siemens,none,,,0.0
74816412.0,siemens,none,,,0.0
74811479.0,siemens,fulfillment,fam,fulfillment_fam,2.0
74725671.0,siemens,fulfillment,fam,fulfillment_fam,9.0
74699628.0,siemens,fulfillment,aff,fulfillment_aff,2.0
74682287.0,siemens,hindrance,stat,hindrance_stat,2.0
74653217.0,siemens,fulfillment,fam,fulfillment_fam,10.0
74629228.0,siemens,none,,,0.0
74465360.0,siemens,fulfillment,stat,fulfillment_stat,5.0
74416295.0,siemens,fulfillment,aff,fulfillment_aff,2.5
74399858.0,siemens,fulfillment,stat,fulfillment_stat,11.25
74378161.0,siemens,fulfillment,phys,fulfillment_phys,2.0
74369193.0,siemens,none,,,0.0
74334394.0,siemens,none,,,0.0
74306341.0,siemens,fulfillment,aff,fulfillment_aff,7.0
74285813.0,siemens,fulfillment,stat,fulfillment_stat,5.0
74138407.0,siemens,fulfillment,phys,fulfillment_phys,4.0
74108797.0,siemens,none,,,0.0
74108127.0,siemens,none,,,0.0
74063473.0,siemens,fulfillment,fam,fulfillment_fam,9.0
74035704.0,siemens,hindrance,stat,hindrance_stat,2.0
74021615.0,siemens,fulfillment,fam,fulfillment_fam,9.0
73946865.0,siemens,fulfillment,phys,fulfillment_phys,2.0
73928068.0,siemens,none,,,0.0
73903385.0,siemens,fulfillment,fam,fulfillment_fam,2.0
73839313.0,siemens,fulfillment,stat,fulfillment_stat,4.0
73698942.0,siemens,none,,,0.0
73696803.0,siemens,none,,,0.0
73668080.0,siemens,hindrance,stat,hindrance_stat,2.0
73592844.0,siemens,hindrance,phys,hindrance_phys,2.0
73544440.0,siemens,fulfillment,fam,fulfillment_fam,11.0
73514642.0,siemens,hindrance,phys,hindrance_phys,2.0
73487837.0,siemens,fulfillment,fam,fulfillment_fam,9.0
73313494.0,siemens,fulfillment,fam,fulfillment_fam,9.0
73287758.0,siemens,fulfillment,phys,fulfillment_phys,4.5
73259803.0,siemens,none,,,0.0
73211742.0,siemens,fulfillment,phys,fulfillment_phys,4.0
73164479.0,siemens,none,,,0.0
73103970.0,siemens,fulfillment,phys,fulfillment_phys,2.0
73071496.0,siemens,hindrance,aff,hindrance_aff,2.0
72997292.0,siemens,fulfillment,aff,fulfillment_aff,2.5
72934866.0,siemens,none,,,0.0
72893649.0,siemens,none,,,0.0
72881408.0,siemens,fulfillment,stat,fulfillment_stat,2.0
72868945.0,siemens,fulfillment,aff,fulfillment_aff,4.5
72793997.0,siemens,none,,,0.0
72761204.0,siemens,fulfillment,fam,fulfillment_fam,9.0
72759692.0,siemens,none,,,0.0
72577216.0,siemens,fulfillment,phys,fulfillment_phys,2.0
72577038.0,siemens,none,,,0.0
72543278.0,siemens,none,,,0.0
72519056.0,siemens,hindrance,phys,hindrance_phys,2.5
72502677.0,siemens,fulfillment,fam,fulfillment_fam,2.0
72501653.0,siemens,hindrance,phys,hindrance_phys,2.5
72425148.0,siemens,none,,,0.0
72366815.0,siemens,fulfillment,phys,fulfillment_phys,2.0
72360045.0,siemens,none,,,0.0
72264483.0,siemens,hindrance,selfprot,hindrance_selfprot,4.0
72179903.0,siemens,fulfillment,phys,fulfillment_phys,2.0
72157409.0,siemens,none,,,0.0
72128493.0,siemens,fulfillment,fam,fulfillment_fam,9.0
71993952.0,siemens,none,,,0.0
71990635.0,siemens,fulfillment,phys,fulfillment_phys,4.5
71928143.0,siemens,none,,,0.0
71859116.0,siemens,fulfillment,phys,fulfillment_phys,2.0
71785409.0,siemens,fulfillment,aff,fulfillment_aff,4.0
71757070.0,siemens,fulfillment,stat,fulfillment_stat,2.5
71730790.0,siemens,fulfillment,fam,fulfillment_fam,9.0
71725292.0,siemens,fulfillment,phys,fulfillment_phys,2.0
71718836.0,siemens,hindrance,stat,hindrance_stat,2.0
71667018.0,siemens,none,,,0.0
71666038.0,siemens,fulfillment,stat,fulfillment_stat,2.5
71651322.0,siemens,fulfillment,stat,fulfillment_stat,2.0
71631549.0,siemens,fulfillment,aff,fulfillment_aff,3.0
71507730.0,siemens,none,,,0.0
71490074.0,siemens,none,,,0.0
71405295.0,siemens,fulfillment,phys,fulfillment_phys,2.0
71291785.0,siemens,fulfillment,phys,fulfillment_phys,2.0
71245546.0,siemens,fulfillment,selfprot,fulfillment_selfprot,2.5
71179557.0,siemens,hindrance,aff,hindrance_aff,2.0
71144575.0,siemens,fulfillment,aff,fulfillment_aff,6.25
71091903.0,siemens,fulfillment,phys,fulfillment_phys,2.5
71038936.0,siemens,hindrance,aff,hindrance_aff,2.0
71036718.0,siemens,fulfillment,stat,fulfillment_stat,2.0
70945055.0,siemens,fulfillment,phys,fulfillment_phys,2.0
70932889.0,siemens,none,,,0.0
70827204.0,siemens,fulfillment,fam,fulfillment_fam,13.5
70764191.0,siemens,none,,,0.0
70763589.0,siemens,fulfillment,fam,fulfillment_fam,9.0
70654337.0,siemens,fulfillment,phys,fulfillment_phys,2.0
70614402.0,siemens,hindrance,phys,hindrance_phys,2.5
70563668.0,siemens,none,,,0.0
70558535.0,siemens,fulfillment,aff,fulfillment_aff,9.0
70514250.0,siemens,fulfillment,selfprot,fulfillment_selfprot,2.5
70493910.0,siemens,none,,,0.0
70492145.0,siemens,fulfillment,fam,fulfillment_fam,2.0
70452421.0,siemens,hindrance,phys,hindrance_phys,8.75
70444425.0,siemens,fulfillment,fam,fulfillment_fam,1.25
70405220.0,siemens,fulfillment,fam,fulfillment_fam,9.0
70381940.0,siemens,fulfillment,stat,fulfillment_stat,2.0
70337941.0,siemens,none,,,0.0
70304990.0,siemens,fulfillment,stat,fulfillment_stat,3.0
70236613.0,siemens,none,,,0.0
70231023.0,siemens,none,,,0.0
70224196.0,siemens,hindrance,fam,hindrance_fam,11.5
69980721.0,siemens,fulfillment,fam,fulfillment_fam,11.0
69923763.0,siemens,none,,,0.0
69767723.0,siemens,none,,,0.0
69719747.0,siemens,none,,,0.0
69717289.0,siemens,fulfillment,aff,fulfillment_aff,2.0
69646521.0,siemens,none,,,0.0
69645865.0,siemens,fulfillment,fam,fulfillment_fam,11.5
69569582.0,siemens,none,,,0.0
69318682.0,siemens,fulfillment,fam,fulfillment_fam,9.0
69289142.0,siemens,fulfillment,selfprot,fulfillment_selfprot,2.5
69038768.0,siemens,none,,,0.0
68933544.0,siemens,hindrance,phys,hindrance_phys,2.5
68896283.0,siemens,fulfillment,stat,fulfillment_stat,8.75
68857741.0,siemens,none,,,0.0
68780034.0,siemens,hindrance,selfprot,hindrance_selfprot,2.0
68762607.0,siemens,fulfillment,fam,fulfillment_fam,9.0
68649570.0,siemens,fulfillment,phys,fulfillment_phys,4.5
68576674.0,siemens,hindrance,phys,hindrance_phys,2.5
68522321.0,siemens,none,,,0.0
68513725.0,siemens,none,,,0.0
68447121.0,siemens,none,,,0.0
68359657.0,siemens,fulfillment,fam,fulfillment_fam,9.0
68301474.0,siemens,fulfillment,stat,fulfillment_stat,2.0
68264018.0,siemens,none,,,0.0
68148135.0,siemens,fulfillment,fam,fulfillment_fam,2.0
68112748.0,siemens,fulfillment,phys,fulfillment_phys,1.25
68031289.0,siemens,fulfillment,fam,fulfillment_fam,11.0
67969091.0,siemens,none,,,0.0
67903192.0,siemens,none,,,0.0
67898731.0,siemens,none,,,0.0
67818504.0,siemens,none,,,0.0
67805885.0,siemens,fulfillment,fam,fulfillment_fam,9.0
67688014.0,siemens,fulfillment,phys,fulfillment_phys,5.75
67577571.0,siemens,fulfillment,phys,fulfillment_phys,4.0
67555751.0,siemens,none,,,0.0
67547186.0,siemens,none,,,0.0
67306174.0,siemens,hindrance,stat,hindrance_stat,2.0
67280230.0,siemens,fulfillment,phys,fulfillment_phys,2.5
67257863.0,siemens,fulfillment,fam,fulfillment_fam,11.5
67236538.0,siemens,fulfillment,fam,fulfillment_fam,4.5
67175314.0,siemens,fulfillment,fam,fulfillment_fam,9.0
67119130.0,siemens,none,,,0.0
67109139.0,siemens,none,,,0.0
67091998.0,siemens,none,,,0.0
67041850.0,siemens,none,,,0.0
67007765.0,siemens,none,,,0.0
66940774.0,siemens,fulfillment,phys,fulfillment_phys,2.0
66907087.0,siemens,fulfillment,fam,fulfillment_fam,11.0
66852323.0,siemens,fulfillment,phys,fulfillment_phys,2.0
66759346.0,siemens,hindrance,fam,hindrance_fam,22.5
66633787.0,siemens,hindrance,fam,hindrance_fam,4.0
66621645.0,siemens,none,,,0.0
66568418.0,siemens,hindrance,phys,hindrance_phys,2.0
66522493.0,siemens,fulfillment,aff,fulfillment_aff,2.0
66038875.0,siemens,fulfillment,stat,fulfillment_stat,4.0
65920751.0,siemens,none,,,0.0
65856933.0,siemens,fulfillment,selfprot,fulfillment_selfprot,1.25
65757348.0,siemens,fulfillment,aff,fulfillment_aff,1.25
65693878.0,siemens,none,,,0.0
65654512.0,siemens,fulfillment,phys,fulfillment_phys,2.0
65643486.0,siemens,none,,,0.0
65627943.0,siemens,none,,,0.0
65399162.0,siemens,fulfillment,phys,fulfillment_phys,2.0
65332911.0,siemens,fulfillment,phys,fulfillment_phys,2.0
65291512.0,siemens,fulfillment,fam,fulfillment_fam,4.0
65283366.0,siemens,none,,,0.0
65225235.0,siemens,none,,,0.0
65218351.0,siemens,fulfillment,aff,fulfillment_aff,2.25
65205854.0,siemens,fulfillment,phys,fulfillment_phys,4.5
65179381.0,siemens,hindrance,stat,hindrance_stat,6.75
65171943.0,siemens,none,,,0.0
65156683.0,siemens,hindrance,selfprot,hindrance_selfprot,5.0
65118607.0,siemens,fulfillment,phys,fulfillment_phys,2.0
65101574.0,siemens,fulfillment,fam,fulfillment_fam,4.0
65089234.0,siemens,fulfillment,phys,fulfillment_phys,2.0
65051045.0,siemens,none,,,0.0
65022122.0,siemens,none,,,0.0
65001997.0,siemens,fulfillment,aff,fulfillment_aff,2.0
64731538.0,siemens,hindrance,phys,hindrance_phys,2.0
64622270.0,siemens,fulfillment,fam,fulfillment_fam,9.0
64582160.0,siemens,none,,,0.0
64571876.0,siemens,fulfillment,aff,fulfillment_aff,2.5
64562695.0,siemens,fulfillment,phys,fulfillment_phys,2.0
64455914.0,siemens,fulfillment,stat,fulfillment_stat,4.5
64271973.0,siemens,fulfillment,stat,fulfillment_stat,2.0
64219260.0,siemens,fulfillment,phys,fulfillment_phys,2.0
64181959.0,siemens,none,,,0.0
64141602.0,siemens,fulfillment,phys,fulfillment_phys,2.5
64047615.0,siemens,fulfillment,fam,fulfillment_fam,2.0
64003679.0,siemens,none,,,0.0
63837872.0,siemens,none,,,0.0
63827850.0,siemens,none,,,0.0
63721815.0,siemens,fulfillment,stat,fulfillment_stat,2.0
63618803.0,siemens,none,,,0.0
63522885.0,siemens,none,,,0.0
63401431.0,siemens,fulfillment,phys,fulfillment_phys,1.0
63369468.0,siemens,fulfillment,stat,fulfillment_stat,2.0
63133387.0,siemens,fulfillment,aff,fulfillment_aff,2.0
63080282.0,siemens,none,,,0.0
63052993.0,siemens,none,,,0.0
62866069.0,siemens,none,,,0.0
62806591.0,siemens,none,,,0.0
62635756.0,siemens,hindrance,selfprot,hindrance_selfprot,6.25
62620206.0,siemens,fulfillment,fam,fulfillment_fam,9.0
62484998.0,siemens,fulfillment,fam,fulfillment_fam,15.25
62266080.0,siemens,fulfillment,stat,fulfillment_stat,5.0
62249305.0,siemens,fulfillment,fam,fulfillment_fam,4.0
62241332.0,siemens,hindrance,stat,hindrance_stat,4.5
62138507.0,siemens,fulfillment,phys,fulfillment_phys,2.0
62115714.0,siemens,fulfillment,aff,fulfillment_aff,2.0
61816952.0,siemens,fulfillment,fam,fulfillment_fam,4.5
61779399.0,siemens,fulfillment,phys,fulfillment_phys,7.5
61771081.0,siemens,hindrance,stat,hindrance_stat,2.0
61767202.0,siemens,fulfillment,fam,fulfillment_fam,9.0
61728820.0,siemens,none,,,0.0
61620840.0,siemens,none,,,0.0
61547618.0,siemens,fulfillment,fam,fulfillment_fam,9.0
61489287.0,siemens,fulfillment,fam,fulfillment_fam,9.0
61437218.0,siemens,fulfillment,aff,fulfillment_aff,2.5
61402410.0,siemens,none,,,0.0
61367008.0,siemens,fulfillment,selfprot,fulfillment_selfprot,2.5
61362406.0,siemens,fulfillment,stat,fulfillment_stat,2.0
61343844.0,siemens,fulfillment,aff,fulfillment_aff,2.0
61310299.0,siemens,fulfillment,aff,fulfillment_aff,2.5
61304256.0,siemens,hindrance,selfprot,hindrance_selfprot,2.0
61254425.0,siemens,none,,,0.0
61239139.0,siemens,fulfillment,stat,fulfillment_stat,2.0
61179216.0,siemens,fulfillment,phys,fulfillment_phys,3.0
61029234.0,siemens,fulfillment,phys,fulfillment_phys,5.0
60922498.0,siemens,fulfillment,aff,fulfillment_aff,3.75
60891473.0,siemens,fulfillment,stat,fulfillment_stat,4.0
60832677.0,siemens,fulfillment,phys,fulfillment_phys,6.75
60799110.0,siemens,fulfillment,stat,fulfillment_stat,5.0
60762631.0,siemens,none,,,0.0
60665118.0,siemens,none,,,0.0
60550831.0,siemens,fulfillment,phys,fulfillment_phys,2.0
60419822.0,siemens,fulfillment,stat,fulfillment_stat,2.0
60356996.0,siemens,fulfillment,phys,fulfillment_phys,2.0
60347136.0,siemens,fulfillment,phys,fulfillment_phys,5.0
60341747.0,siemens,none,,,0.0
60245551.0,siemens,hindrance,fam,hindrance_fam,2.5
60227965.0,siemens,none,,,0.0
60192129.0,siemens,none,,,0.0
60187507.0,siemens,hindrance,phys,hindrance_phys,2.5
60144718.0,siemens,fulfillment,stat,fulfillment_stat,3.0
60136431.0,siemens,fulfillment,fam,fulfillment_fam,9.0
60079403.0,siemens,none,,,0.0
60068809.0,siemens,fulfillment,fam,fulfillment_fam,7.5
60013935.0,siemens,fulfillment,stat,fulfillment_stat,4.5
60011575.0,siemens,fulfillment,stat,fulfillment_stat,2.0
60002525.0,siemens,fulfillment,phys,fulfillment_phys,2.0
59994054.0,siemens,fulfillment,fam,fulfillment_fam,2.0
59969458.0,siemens,fulfillment,phys,fulfillment_phys,2.5
59806294.0,siemens,none,,,0.0
59783154.0,siemens,hindrance,phys,hindrance_phys,2.5
59765406.0,siemens,fulfillment,fam,fulfillment_fam,6.0
59737639.0,siemens,fulfillment,phys,fulfillment_phys,2.0
59717970.0,siemens,none,,,0.0
59630540.0,siemens,fulfillment,phys,fulfillment_phys,2.5
59511428.0,siemens,none,,,0.0
59306916.0,siemens,none,,,0.0
59172480.0,siemens,none,,,0.0
59149331.0,siemens,none,,,0.0
59133123.0,siemens,none,,,0.0
59058169.0,siemens,hindrance,phys,hindrance_phys,2.0
58994184.0,siemens,none,,,0.0
58994505.0,siemens,hindrance,stat,hindrance_stat,2.0
58986965.0,siemens,fulfillment,fam,fulfillment_fam,2.5
58937345.0,siemens,fulfillment,selfprot,fulfillment_selfprot,2.5
58931230.0,siemens,none,,,0.0
58924235.0,siemens,fulfillment,stat,fulfillment_stat,4.5
58904530.0,siemens,none,,,0.0
58900544.0,siemens,fulfillment,aff,fulfillment_aff,2.5
58742696.0,siemens,none,,,0.0
58471751.0,siemens,hindrance,fam,hindrance_fam,9.0
58464045.0,siemens,hindrance,phys,hindrance_phys,2.0
58370176.0,siemens,fulfillment,stat,fulfillment_stat,2.0
58368687.0,siemens,fulfillment,stat,fulfillment_stat,2.5
58363955.0,siemens,fulfillment,aff,fulfillment_aff,3.75
58269488.0,siemens,none,,,0.0
58254017.0,siemens,fulfillment,aff,fulfillment_aff,2.5
58121784.0,siemens,fulfillment,phys,fulfillment_phys,2.5
58079934.0,siemens,fulfillment,phys,fulfillment_phys,2.0
58058609.0,siemens,hindrance,fam,hindrance_fam,9.0
58049899.0,siemens,none,,,0.0
57981791.0,siemens,fulfillment,aff,fulfillment_aff,1.25
57977052.0,siemens,none,,,0.0
57975460.0,siemens,fulfillment,phys,fulfillment_phys,5.0
57919120.0,siemens,fulfillment,phys,fulfillment_phys,2.0
57879100.0,siemens,none,,,0.0
57872020.0,siemens,fulfillment,phys,fulfillment_phys,2.0
57680812.0,siemens,hindrance,phys,hindrance_phys,4.5
57671512.0,siemens,fulfillment,stat,fulfillment_stat,2.0
57655542.0,siemens,fulfillment,phys,fulfillment_phys,2.0
57518561.0,siemens,fulfillment,fam,fulfillment_fam,13.5
57494828.0,siemens,fulfillment,phys,fulfillment_phys,2.0
57479352.0,siemens,none,,,0.0
57477770.0,siemens,fulfillment,phys,fulfillment_phys,2.0
57425463.0,siemens,none,,,0.0
57353788.0,siemens,fulfillment,fam,fulfillment_fam,1.0
57334115.0,siemens,fulfillment,aff,fulfillment_aff,2.0
57302015.0,siemens,fulfillment,phys,fulfillment_phys,2.0
57265421.0,siemens,none,,,0.0
57232293.0,siemens,hindrance,stat,hindrance_stat,2.0
57221903.0,siemens,hindrance,phys,hindrance_phys,4.0
57124299.0,siemens,hindrance,phys,hindrance_phys,3.0
56969139.0,siemens,fulfillment,phys,fulfillment_phys,2.5
56909192.0,siemens,none,,,0.0
56837712.0,siemens,none,,,0.0
56772372.0,siemens,none,,,0.0
56684326.0,siemens,fulfillment,aff,fulfillment_aff,2.5
56607030.0,siemens,none,,,0.0
56545484.0,siemens,fulfillment,aff,fulfillment_aff,1.25
56469089.0,siemens,fulfillment,phys,fulfillment_phys,4.5
56464447.0,siemens,none,,,0.0
56379800.0,siemens,fulfillment,phys,fulfillment_phys,2.0
56352036.0,siemens,fulfillment,phys,fulfillment_phys,2.0
56263565.0,siemens,fulfillment,selfprot,fulfillment_selfprot,2.0
56185085.0,siemens,fulfillment,fam,fulfillment_fam,4.0
56155165.0,siemens,none,,,0.0
56144605.0,siemens,fulfillment,stat,fulfillment_stat,2.0
56132451.0,siemens,none,,,0.0
